{"greet": {"wilt": 1.0}, "god": {"of": 1.0}, "gladness": {"in": 1.0}, "peace": {"true": 1.0}, "tremulous": {}, "shy": {"is": 1.0}, "mind": {"my": 1.0}, "wondrous": {"the": 1.0}, "letters": {"the": 1.0}, "place": {"a": 1.0}, "strong": {"is": 1.0}, "talk": {"and": 1.0}, "whose": {"mystery": 1.0}, "but": {"come": 1.0}, "art": {"of": 1.0}, "to": {"midnight": 0.16666666666666666, "say": 0.16666666666666666, "speak": 0.16666666666666666, "talk": 0.16666666666666666, "again": 0.16666666666666666, "bring": 0.16666666666666666}, "something": {"still": 1.0}, "just": {}, "accents": {"artful": 1.0}, "of": {"sounds": 0.07692307692307693, "light": 0.07692307692307693, "sake": 0.23076923076923078, "glory": 0.07692307692307693, "peace": 0.07692307692307693, "letters": 0.07692307692307693, "out": 0.07692307692307693, "din": 0.07692307692307693, "tones": 0.07692307692307693, "accents": 0.07692307692307693, "freshness": 0.07692307692307693}, "my": {"to": 1.0}, "crowns": {"that": 1.0}, "wilt": {"child": 1.0}, "child": {"its": 1.0}, "say": {"and": 1.0}, "thoughts": {"you": 1.0}, "beautiful": {"the": 0.5, "something": 0.5}, "out": {}, "waves": {"me": 1.0}, "and": {"lowly": 0.14285714285714285, "me": 0.14285714285714285, "crib": 0.14285714285714285, "god": 0.14285714285714285, "shy": 0.14285714285714285, "enter": 0.14285714285714285, "good": 0.14285714285714285}, "long": {"looked-for": 1.0}, "rude": {"world": 1.0}, "false": {"the": 1.0}, "give": {"you": 1.0}, "sounds": {"the": 1.0}, "story": {"your": 1.0}, "time": {"all": 0.5, "the": 0.5}, "friend": {"a": 1.0}, "that": {"faith": 1.0}, "come": {"i": 0.5, "will": 0.5}, "tell": {}, "sublime": {"truth": 1.0}, "looked-for": {"comes": 1.0}, "if": {"thoughts": 1.0}, "song": {"your": 1.0}, "echoes": {"gloria": 1.0}, "its": {"and": 1.0}, "bring": {"i": 0.5, "to": 0.5}, "for": {"gladness": 0.3333333333333333, "and": 0.3333333333333333, "place": 0.3333333333333333}, "the": {"as": 0.041666666666666664, "of": 0.3333333333333333, "from": 0.041666666666666664, "with": 0.125, "waves": 0.041666666666666664, "holdeth": 0.041666666666666664, "for": 0.041666666666666664, "and": 0.08333333333333333, "in": 0.125, "welcome": 0.041666666666666664, "where": 0.041666666666666664, "not": 0.041666666666666664}, "sake": {"for": 1.0}, "coming": {"a": 1.0}, "holdeth": {"that": 1.0}, "thee": {"for": 1.0}, "over": {}, "frank": {"but": 1.0}, "gladsome": {"of": 1.0}, "still": {"tremulous": 1.0}, "lowly": {"a": 1.0}, "earth": {"the": 1.0}, "from": {"away": 1.0}, "truth": {"the": 0.5, "of": 0.5}, "brighten": {"to": 1.0}, "i": {"message": 0.5, "me": 0.5}, "mine": {"as": 1.0}, "tones": {"the": 1.0}, "world": {"the": 1.0}, "crib": {"the": 1.0}, "your": {"me": 1.0}, "enter": {}, "in": {"mind": 0.5, "not": 0.5}, "you": {"will": 0.25, "for": 0.25, "to": 0.5}, "midnight": {"a": 1.0}, "again": {"come": 1.0}, "thing": {"humble": 1.0}, "speak": {"and": 1.0}, "every": {"of": 1.0}, "stylus": {"thanks": 1.0}, "where": {}, "me": {"give": 0.125, "over": 0.125, "for": 0.125, "with": 0.125, "to": 0.125, "tell": 0.125, "sing": 0.125, "welcome": 0.125}, "thus": {"me": 1.0}, "guest": {"welcome": 1.0}, "passing": {"are": 1.0}, "line": {"every": 1.0}, "sing": {"story": 1.0}, "mystery": {"the": 1.0}, "away": {"passing": 1.0}, "faith": {"the": 1.0}, "din": {"the": 1.0}, "artful": {"the": 1.0}, "humble": {"and": 0.5, "as": 0.5}, "sweet": {"mysteries": 1.0}, "have": {"i": 1.0}, "true": {"welcome": 0.25, "the": 0.5, "and": 0.25}, "throng": {"rude": 1.0}, "very": {"my": 1.0}, "best": {"the": 1.0}, "a": {"crowns": 0.16666666666666666, "but": 0.16666666666666666, "me": 0.16666666666666666, "have": 0.16666666666666666, "as": 0.3333333333333333}, "are": {}, "light": {"the": 1.0}, "ring": {"echoes": 1.0}, "youth": {"gladsome": 1.0}, "good": {"beautiful": 1.0}, "christmas": {"the": 1.0}, "will": {"stylus": 1.0}, "gloria": {"whose": 1.0}, "glory": {"the": 1.0}, "is": {"true": 0.5, "false": 0.5}, "not": {"if": 1.0}, "mysteries": {"with": 1.0}, "wing": {"beautiful": 1.0}, "men": {"of": 1.0}, "birth": {"wondrous": 1.0}, "comes": {"friend": 1.0}, "message": {"the": 1.0}, "all": {"brighten": 1.0}, "heart": {"very": 1.0}, "pen": {"the": 1.0}, "with": {"still": 0.25, "time": 0.25, "bring": 0.25, "frank": 0.25}, "thanks": {}, "chime": {"christmas": 1.0}, "as": {"just": 0.2, "coming": 0.2, "humble": 0.2, "come": 0.2, "thus": 0.2}, "freshness": {"the": 1.0}, "welcome": {"a": 0.5, "wilt": 0.5}}