{
  "welcome": {
    "a": 0.5,
    "wilt": 0.5
  },
  "brighten": {
    "to": 1.0
  },
  "mine": {
    "as": 1.0
  },
  "that": {
    "START": 0.5,
    "faith": 0.5
  },
  "letters": {
    "the": 1.0
  },
  "story": {
    "your": 1.0
  },
  "truth": {
    "the": 0.5,
    "of": 0.5
  },
  "waves": {
    "me": 1.0
  },
  "sweet": {
    "mysteries": 1.0
  },
  "over": {
    "START": 1.0
  },
  "lowly": {
    "a": 1.0
  },
  "gloria": {
    "whose": 1.0
  },
  "false": {
    "the": 1.0
  },
  "tremulous": {
    "START": 1.0
  },
  "thoughts": {
    "you": 1.0
  },
  "something": {
    "still": 1.0
  },
  "echoes": {
    "gloria": 1.0
  },
  "of": {
    "START": 0.07142857142857142,
    "sounds": 0.07142857142857142,
    "light": 0.07142857142857142,
    "sake": 0.21428571428571427,
    "glory": 0.07142857142857142,
    "peace": 0.07142857142857142,
    "letters": 0.07142857142857142,
    "out": 0.07142857142857142,
    "din": 0.07142857142857142,
    "tones": 0.07142857142857142,
    "accents": 0.07142857142857142,
    "freshness": 0.07142857142857142
  },
  "with": {
    "START": 0.2,
    "still": 0.2,
    "time": 0.2,
    "bring": 0.2,
    "frank": 0.2
  },
  "friend": {
    "a": 1.0
  },
  "greet": {
    "wilt": 1.0
  },
  "pen": {
    "the": 1.0
  },
  "mind": {
    "my": 1.0
  },
  "wondrous": {
    "the": 1.0
  },
  "long": {
    "looked-for": 1.0
  },
  "again": {
    "come": 1.0
  },
  "its": {
    "and": 1.0
  },
  "best": {
    "the": 1.0
  },
  "beautiful": {
    "the": 0.5,
    "something": 0.5
  },
  "coming": {
    "a": 1.0
  },
  "the": {
    "as": 0.041666666666666664,
    "of": 0.3333333333333333,
    "from": 0.041666666666666664,
    "with": 0.125,
    "waves": 0.041666666666666664,
    "holdeth": 0.041666666666666664,
    "for": 0.041666666666666664,
    "and": 0.08333333333333333,
    "in": 0.125,
    "welcome": 0.041666666666666664,
    "where": 0.041666666666666664,
    "not": 0.041666666666666664
  },
  "every": {
    "of": 1.0
  },
  "looked-for": {
    "comes": 1.0
  },
  "child": {
    "its": 1.0
  },
  "come": {
    "START": 0.3333333333333333,
    "i": 0.3333333333333333,
    "will": 0.3333333333333333
  },
  "song": {
    "your": 1.0
  },
  "crib": {
    "the": 1.0
  },
  "sounds": {
    "the": 1.0
  },
  "humble": {
    "and": 0.5,
    "as": 0.5
  },
  "place": {
    "a": 1.0
  },
  "you": {
    "will": 0.25,
    "for": 0.25,
    "to": 0.5
  },
  "glory": {
    "the": 1.0
  },
  "faith": {
    "the": 1.0
  },
  "world": {
    "the": 1.0
  },
  "christmas": {
    "the": 1.0
  },
  "gladness": {
    "in": 1.0
  },
  "passing": {
    "are": 1.0
  },
  "all": {
    "brighten": 1.0
  },
  "to": {
    "START": 0.14285714285714285,
    "midnight": 0.14285714285714285,
    "say": 0.14285714285714285,
    "speak": 0.14285714285714285,
    "talk": 0.14285714285714285,
    "again": 0.14285714285714285,
    "bring": 0.14285714285714285
  },
  "bring": {
    "i": 0.5,
    "to": 0.5
  },
  "artful": {
    "the": 1.0
  },
  "speak": {
    "and": 1.0
  },
  "as": {
    "just": 0.2,
    "coming": 0.2,
    "humble": 0.2,
    "come": 0.2,
    "thus": 0.2
  },
  "wilt": {
    "START": 0.5,
    "child": 0.5
  },
  "guest": {
    "welcome": 1.0
  },
  "away": {
    "passing": 1.0
  },
  "in": {
    "START": 0.3333333333333333,
    "mind": 0.3333333333333333,
    "not": 0.3333333333333333
  },
  "if": {
    "thoughts": 1.0
  },
  "holdeth": {
    "that": 1.0
  },
  "not": {
    "START": 0.5,
    "if": 0.5
  },
  "light": {
    "the": 1.0
  },
  "where": {
    "START": 1.0
  },
  "strong": {
    "is": 1.0
  },
  "and": {
    "START": 0.125,
    "lowly": 0.125,
    "me": 0.125,
    "crib": 0.125,
    "god": 0.125,
    "shy": 0.125,
    "enter": 0.125,
    "good": 0.125
  },
  "still": {
    "START": 0.5,
    "tremulous": 0.5
  },
  "tones": {
    "the": 1.0
  },
  "art": {
    "of": 1.0
  },
  "peace": {
    "true": 1.0
  },
  "sake": {
    "for": 1.0
  },
  "just": {
    "START": 1.0
  },
  "true": {
    "welcome": 0.25,
    "the": 0.5,
    "and": 0.25
  },
  "ring": {
    "echoes": 1.0
  },
  "tell": {
    "START": 1.0
  },
  "mysteries": {
    "with": 1.0
  },
  "talk": {
    "and": 1.0
  },
  "accents": {
    "artful": 1.0
  },
  "thus": {
    "me": 1.0
  },
  "but": {
    "START": 0.5,
    "come": 0.5
  },
  "frank": {
    "but": 1.0
  },
  "comes": {
    "friend": 1.0
  },
  "good": {
    "beautiful": 1.0
  },
  "heart": {
    "very": 1.0
  },
  "stylus": {
    "thanks": 1.0
  },
  "are": {
    "START": 1.0
  },
  "i": {
    "START": 0.3333333333333333,
    "message": 0.3333333333333333,
    "me": 0.3333333333333333
  },
  "sublime": {
    "truth": 1.0
  },
  "say": {
    "and": 1.0
  },
  "very": {
    "my": 1.0
  },
  "for": {
    "START": 0.25,
    "gladness": 0.25,
    "and": 0.25,
    "place": 0.25
  },
  "time": {
    "all": 0.5,
    "the": 0.5
  },
  "god": {
    "of": 1.0
  },
  "midnight": {
    "a": 1.0
  },
  "will": {
    "START": 0.5,
    "stylus": 0.5
  },
  "enter": {
    "START": 1.0
  },
  "din": {
    "the": 1.0
  },
  "give": {
    "you": 1.0
  },
  "is": {
    "true": 0.5,
    "false": 0.5
  },
  "youth": {
    "gladsome": 1.0
  },
  "throng": {
    "rude": 1.0
  },
  "birth": {
    "wondrous": 1.0
  },
  "thanks": {
    "START": 1.0
  },
  "have": {
    "i": 1.0
  },
  "mystery": {
    "the": 1.0
  },
  "earth": {
    "the": 1.0
  },
  "from": {
    "away": 1.0
  },
  "my": {
    "to": 1.0
  },
  "your": {
    "me": 1.0
  },
  "thing": {
    "humble": 1.0
  },
  "shy": {
    "is": 1.0
  },
  "rude": {
    "world": 1.0
  },
  "gladsome": {
    "of": 1.0
  },
  "freshness": {
    "the": 1.0
  },
  "chime": {
    "christmas": 1.0
  },
  "a": {
    "START": 0.14285714285714285,
    "crowns": 0.14285714285714285,
    "but": 0.14285714285714285,
    "me": 0.14285714285714285,
    "have": 0.14285714285714285,
    "as": 0.2857142857142857
  },
  "men": {
    "of": 1.0
  },
  "wing": {
    "beautiful": 1.0
  },
  "me": {
    "give": 0.125,
    "over": 0.125,
    "for": 0.125,
    "with": 0.125,
    "to": 0.125,
    "tell": 0.125,
    "sing": 0.125,
    "welcome": 0.125
  },
  "whose": {
    "mystery": 1.0
  },
  "thee": {
    "for": 1.0
  },
  "crowns": {
    "that": 1.0
  },
  "message": {
    "the": 1.0
  },
  "sing": {
    "story": 1.0
  },
  "line": {
    "every": 1.0
  },
  "out": {
    "START": 1.0
  },
  "END": {
    "chime": 0.03571428571428571,
    "earth": 0.03571428571428571,
    "sublime": 0.03571428571428571,
    "time": 0.03571428571428571,
    "birth": 0.03571428571428571,
    "thing": 0.03571428571428571,
    "true": 0.03571428571428571,
    "wing": 0.03571428571428571,
    "ring": 0.03571428571428571,
    "you": 0.03571428571428571,
    "sweet": 0.03571428571428571,
    "greet": 0.03571428571428571,
    "mine": 0.03571428571428571,
    "pen": 0.03571428571428571,
    "men": 0.03571428571428571,
    "line": 0.03571428571428571,
    "me": 0.03571428571428571,
    "thee": 0.03571428571428571,
    "song": 0.03571428571428571,
    "long": 0.03571428571428571,
    "throng": 0.03571428571428571,
    "strong": 0.03571428571428571,
    "heart": 0.03571428571428571,
    "truth": 0.03571428571428571,
    "art": 0.03571428571428571,
    "youth": 0.03571428571428571,
    "guest": 0.03571428571428571,
    "best": 0.03571428571428571
  }
}